{"cameraMode":{"drawMode":0,"name":"Shaded","section":"Shading Mode"},"sceneLighting":true,"audioPlay":false,"sceneViewState":{"showFog":true,"showMaterialUpdate":false,"showSkybox":true,"showFlares":true,"showImageEffects":true,"showParticleSystems":true},"in2DMode":false,"pivot":{"x":4.57080078125,"y":6.486642837524414,"z":46.647178649902347},"rotation":{"x":0.2852727770805359,"y":-0.2987702190876007,"z":0.09409213811159134,"w":0.9058191776275635},"size":50.670101165771487,"orthographic":false}