{"cameraMode":{"drawMode":0,"name":"Shaded","section":"Shading Mode"},"sceneLighting":true,"audioPlay":false,"sceneViewState":{"showFog":true,"showMaterialUpdate":false,"showSkybox":true,"showFlares":true,"showImageEffects":true,"showParticleSystems":true},"in2DMode":false,"pivot":{"x":-13.259967803955079,"y":15.232861518859864,"z":-4.085860252380371},"rotation":{"x":0.0663464367389679,"y":-0.9184558987617493,"z":0.17482799291610719,"w":0.348541259765625},"size":33.332862854003909,"orthographic":false}