{"cameraMode":{"drawMode":0,"name":"Shaded","section":"Shading Mode"},"sceneLighting":true,"audioPlay":false,"sceneViewState":{"showFog":true,"showMaterialUpdate":false,"showSkybox":true,"showFlares":true,"showImageEffects":true,"showParticleSystems":true},"in2DMode":false,"pivot":{"x":1.5443753004074097,"y":-47.36791229248047,"z":39.734657287597659},"rotation":{"x":0.3970511853694916,"y":-0.11762236803770066,"z":0.051359873265028,"w":0.9088000059127808},"size":198.71800231933595,"orthographic":false}