{"cameraMode":{"drawMode":0,"name":"Shaded","section":"Shading Mode"},"sceneLighting":true,"audioPlay":false,"sceneViewState":{"showFog":true,"showMaterialUpdate":false,"showSkybox":false,"showFlares":true,"showImageEffects":true,"showParticleSystems":true},"in2DMode":false,"pivot":{"x":25.123756408691408,"y":15.583605766296387,"z":1.294546127319336},"rotation":{"x":-0.443604439496994,"y":-0.053452882915735248,"z":0.026516128331422807,"w":-0.894235372543335},"size":115.41004180908203,"orthographic":false}