{"cameraMode":{"drawMode":0,"name":"Shaded","section":"Shading Mode"},"sceneLighting":true,"audioPlay":false,"sceneViewState":{"showFog":true,"showMaterialUpdate":false,"showSkybox":true,"showFlares":true,"showImageEffects":true,"showParticleSystems":true},"in2DMode":false,"pivot":{"x":-7.606280326843262,"y":-49.13737106323242,"z":107.93714904785156},"rotation":{"x":0.32880374789237978,"y":-0.04361969232559204,"z":0.015173663385212422,"w":0.9432903528213501},"size":249.77664184570313,"orthographic":false}