{"cameraMode":{"drawMode":0,"name":"Shaded","section":"Shading Mode"},"sceneLighting":true,"audioPlay":false,"sceneViewState":{"showFog":true,"showMaterialUpdate":false,"showSkybox":true,"showFlares":true,"showImageEffects":true,"showParticleSystems":true},"in2DMode":false,"pivot":{"x":-2.6281867027282717,"y":20.19192886352539,"z":19.910930633544923},"rotation":{"x":0.25067660212516787,"y":0.029619362205266954,"z":-0.007673425599932671,"w":0.9675888419151306},"size":57.12401580810547,"orthographic":false}