{"cameraMode":{"drawMode":0,"name":"Shaded","section":"Shading Mode"},"sceneLighting":true,"audioPlay":false,"sceneViewState":{"showFog":true,"showMaterialUpdate":false,"showSkybox":true,"showFlares":true,"showImageEffects":true,"showParticleSystems":true},"in2DMode":false,"pivot":{"x":-7.985264778137207,"y":16.264663696289064,"z":6.8160552978515629},"rotation":{"x":-0.04897606000304222,"y":0.9507239460945129,"z":-0.228440061211586,"w":-0.203832745552063},"size":34.41364669799805,"orthographic":false}