{"cameraMode":{"drawMode":0,"name":"Shaded","section":"Shading Mode"},"sceneLighting":true,"audioPlay":false,"sceneViewState":{"showFog":true,"showMaterialUpdate":false,"showSkybox":true,"showFlares":true,"showImageEffects":true,"showParticleSystems":true},"in2DMode":false,"pivot":{"x":-3.032433271408081,"y":9.717445373535157,"z":-0.6085838079452515},"rotation":{"x":-0.004233393352478743,"y":0.9608873128890991,"z":-0.014712858013808728,"w":-0.2765161693096161},"size":17.207067489624025,"orthographic":false}