{"cameraMode":{"drawMode":0,"name":"Shaded","section":"Shading Mode"},"sceneLighting":true,"audioPlay":false,"sceneViewState":{"showFog":true,"showMaterialUpdate":false,"showSkybox":true,"showFlares":true,"showImageEffects":true,"showParticleSystems":true},"in2DMode":false,"pivot":{"x":-6.62399959564209,"y":13.749101638793946,"z":6.350044250488281},"rotation":{"x":0.3259754478931427,"y":-0.32297325134277346,"z":0.1195809617638588,"w":0.880418598651886},"size":185.9868621826172,"orthographic":false}