{"cameraMode":{"drawMode":0,"name":"Shaded","section":"Shading Mode"},"sceneLighting":true,"audioPlay":false,"sceneViewState":{"showFog":true,"showMaterialUpdate":false,"showSkybox":true,"showFlares":true,"showImageEffects":true,"showParticleSystems":true},"in2DMode":false,"pivot":{"x":-2.373061418533325,"y":18.180530548095704,"z":7.727450847625732},"rotation":{"x":0.01235674973577261,"y":-0.9640712141990662,"z":0.26152756810188296,"w":0.0454314723610878},"size":36.05934143066406,"orthographic":false}