{"cameraMode":{"drawMode":0,"name":"Shaded","section":"Shading Mode"},"sceneLighting":true,"audioPlay":false,"sceneViewState":{"showFog":true,"showMaterialUpdate":false,"showSkybox":true,"showFlares":true,"showImageEffects":true,"showParticleSystems":true},"in2DMode":false,"pivot":{"x":-6.507701396942139,"y":14.876962661743164,"z":5.527326583862305},"rotation":{"x":0.044510673731565478,"y":-0.9551335573196411,"z":0.221014603972435,"w":0.19221419095993043},"size":27.008085250854493,"orthographic":false}